{
  "mean_": [
    -0.004460678242379051,
    0.01865515704341287,
    -0.011558036901159764,
    0.00972505413709364,
    0.026623870392300072,
    -0.027476275160865673,
    -0.0011111838996605622,
    0.0218164224815994,
    -0.00016183044638996846,
    -0.006735388925714033,
    0.012203374521238928,
    0.000383104008040474,
    -0.007482194040702743,
    -0.0046225548758549945,
    -0.01613674641434723,
    0.0014958910766753014,
    -0.020269934504425473,
    -0.00574210427218008,
    -0.004184405462653255,
    0.021888159768758762,
    0.017195660747386106,
    -0.00904741470478951,
    -0.005487802866031074,
    -0.001847027571941495
  ],
  "scale_": [
    1.0042250679314857,
    1.003160103635502,
    1.0102736352164796,
    0.9910589209769978,
    1.0065195521259735,
    0.9994690377345608,
    1.0097264549748102,
    0.9952555830120058,
    1.0135110520273596,
    0.9929245740685271,
    1.0024936992723996,
    0.9904586983336533,
    1.0015514488891393,
    1.001437282303741,
    1.0168113051887335,
    1.0237973576446082,
    1.0021377953605584,
    0.9949713899816917,
    0.9965616093962372,
    0.9962587445141853,
    1.004872163157371,
    0.9995300016158061,
    1.0022311382787754,
    0.9997563912928265
  ],
  "var_": [
    1.008467987061997,
    1.0063301935259912,
    1.0206528180135204,
    0.9821977848480911,
    1.0130816088118706,
    0.9989383573900488,
    1.0195475138759973,
    0.9905336755165676,
    1.0272046525816052,
    0.985899209789166,
    1.0049936170808602,
    0.9810084331047949,
    1.003105304771934,
    1.0028766303879026,
    1.0339052303596157,
    1.048161029520082,
    1.0042801608901204,
    0.9899680668820996,
    0.9931350413224185,
    0.9925314860209807,
    1.009768064288574,
    0.9990602241300932,
    1.00446725453557,
    0.9995128419308551
  ],
  "n_features_in_": 24
}