{
  "mean_": [
    -0.009458237044032944,
    0.016431818567694573,
    -0.0032845357774503453,
    -0.02131265686858477,
    0.017989799442004763,
    0.0027181331313609084,
    -0.01456105990797141,
    -0.012019872742318385,
    -0.008988313993614702,
    0.006024635091016287,
    0.0005360131922004178,
    0.004741817330159834,
    -0.0027497364006118033,
    0.0011731050853700093,
    0.018742582680285676,
    -0.014161827754017847,
    0.0012078164358496524,
    0.009740835217225739,
    0.014267317602182842,
    0.009527694654842546,
    0.015411585923378978,
    0.008851689758621597,
    0.010889964930818861,
    -0.018771274129367334
  ],
  "scale_": [
    0.9963113438293798,
    1.0116583499412077,
    1.0094472643044914,
    1.0187762950795975,
    0.9859246831266698,
    1.0147681576532546,
    1.0174717879681596,
    1.0108381741966666,
    1.000771186261844,
    0.9975987461295373,
    1.0024500891749912,
    0.9853426439168782,
    1.0127360201643891,
    1.0046751767677948,
    0.9893430729705098,
    1.0092339878621543,
    1.0072629059501632,
    1.0031978991833692,
    1.001787839068715,
    1.0139573996099385,
    0.9783627187358673,
    1.0106009299669902,
    0.9968509211971025,
    1.0125927188919366
  ],
  "var_": [
    0.9926362938431046,
    1.0234526170057672,
    1.0189837794118217,
    1.0379051394161114,
    0.9720474807984242,
    1.0297544137869805,
    1.0352488393111234,
    1.0217938144132506,
    1.0015429672519387,
    0.995203258279225,
    1.004906181286948,
    0.9709001259211038,
    1.025634246538406,
    1.0093722108134,
    0.9787997160347315,
    1.0185532422561472,
    1.0145785617031673,
    1.0064060249259252,
    1.0035788745059653,
    1.0281096082237484,
    0.9571936094122377,
    1.0213142396501453,
    0.9937117590915118,
    1.0253440143529646
  ],
  "n_features_in_": 24
}