{
  "mean_": [
    0.008569009681954464,
    -0.0007987981507900261,
    0.004186888463876148,
    -0.007919688783215303,
    -0.01825404759774737,
    0.009243814377448832,
    0.0068338736727176,
    0.014574221642437374,
    0.025437928533540245,
    0.01323952792514977,
    -0.0006144968815692563,
    -0.005671275464800444,
    0.003168510486535923,
    -0.015001275458753734,
    0.010793934124664022,
    -0.010669784442526854,
    0.011445268858589725,
    0.017594615982865568,
    -0.012017352412926712,
    -0.0033840835197969537,
    -0.014159365546227943,
    -0.022074416901445387,
    0.008737463996243346,
    5.5367901631394986e-05
  ],
  "scale_": [
    1.0008898904002217,
    0.9993029507434079,
    0.9932861918147659,
    1.000076183103523,
    0.9969941550561661,
    0.9920646328675157,
    1.0070468326157005,
    1.0096580589196846,
    1.0049111487879387,
    0.9929551247920229,
    1.0021977467691887,
    0.9963664968949797,
    1.0071497000174117,
    1.0078462947374407,
    1.0078578391981765,
    0.9997283158930318,
    1.0015069842440274,
    1.007935952301219,
    1.014264149372977,
    1.0046929948751775,
    1.003566307816475,
    1.0022026780812445,
    1.0088111931800894,
    1.0087002133254015
  ],
  "var_": [
    1.0017805727053677,
    0.998606387364482,
    0.9866174588498797,
    1.0001523720109111,
    0.9939973452161586,
    0.9841922357865586,
    1.0141433230813146,
    1.0194093959414652,
    1.0098464169582948,
    0.9859598798507417,
    1.0044003236292387,
    0.9927461961347737,
    1.0143505182451624,
    1.0157541538159882,
    1.0157774240332176,
    0.9994567055983176,
    1.0030162394895665,
    1.0159348839413653,
    1.0287317647032883,
    1.0094080139512536,
    1.007145334184392,
    1.0044102079532187,
    1.0177000234854354,
    1.0174761203627103
  ],
  "n_features_in_": 24
}