{
  "mean_": [
    0.0007129340097119359,
    0.0031783139761341677,
    0.009239419000208237,
    0.014013937720611238,
    0.0036976310773183035,
    0.0011095301035618174,
    -0.005302791115833446,
    -0.0010926461143828448,
    -0.0050642208810769305,
    0.02396997062040481,
    0.005868676133706457,
    0.00827997825563888,
    0.016137021149061338,
    0.001816797336974603,
    -0.022583724940118823,
    0.015563298041239211,
    0.012545608518121226,
    -0.005375995610110432,
    -4.0572858482617345e-06,
    0.014523155175364106,
    -0.007987817852534357,
    0.009542817764164852,
    0.0043795393993622065,
    -0.0003999974956173066
  ],
  "scale_": [
    1.0059023415078128,
    1.016215366842166,
    0.9857382909904665,
    1.0080938251107798,
    0.9998409029054762,
    0.9939047047470848,
    1.0071058324376527,
    0.9955985458193425,
    1.004750852111623,
    1.0052025966781029,
    0.9999562343573515,
    1.0194808781787692,
    1.011606625031001,
    0.9928022139445803,
    1.0005546432793893,
    1.002261527084141,
    1.0003609484050158,
    1.0071264975727687,
    1.000021777303716,
    1.0056842160022366,
    0.9981225852921477,
    1.0065324326846885,
    0.9982429343544794,
    1.0136773758605513
  ],
  "var_": [
    1.0118395206509003,
    1.0326936718061581,
    0.9716799783248056,
    1.0162531602264835,
    0.999681831122838,
    0.9878465621183897,
    1.0142621577299376,
    0.9912164644375895,
    1.0095242748190327,
    1.0104322603684008,
    0.9999124706301344,
    1.0393412609721546,
    1.0233479638066123,
    0.9856562360132602,
    1.001109594187946,
    1.0045281686730345,
    1.0007220270937824,
    1.014303782113192,
    1.0000435550816833,
    1.0114007423160332,
    0.9962486952702806,
    1.0131075380461572,
    0.9964889559886415,
    1.0275418223315336
  ],
  "n_features_in_": 24
}