{
  "mean": [
    24.213879086901123,
    0.5785222626858414,
    94.52847805788983,
    579.4249673624332,
    1415.4519172333646,
    1196.9928334696508,
    281.69166661110245,
    2232.4757518892975,
    8519.218769604196,
    42.75618579519006,
    265.1598877893442,
    2338.7934371421093,
    8062.726956635519,
    9.272059381842947,
    346.9276377217554,
    20.78683326468185,
    12.472994529326794,
    579.47918478915,
    1415.4698362662123,
    1196.9729711708903,
    281.9218916194,
    42.75203376435209,
    265.3757744227248,
    9.272645224153607,
    20.800592867711455,
    12.48130981772999
  ],
  "scale": [
    14.67099963526005,
    0.3068289265375763,
    13.744938170883634,
    36.71637589023274,
    103.61916667807016,
    116.34028197585842,
    144.31434564046177,
    140.69208363868827,
    328.31794087039214,
    3.1304504688683545,
    136.0406789104316,
    123.6270557315756,
    81.16775668585898,
    0.7223320738443116,
    27.92513487389029,
    9.797347752952334,
    5.876410380022392,
    11.541876318938261,
    32.93826159730945,
    37.645033090050575,
    46.14989923100419,
    1.0253614255979784,
    43.50064134021273,
    0.24359967339491262,
    3.125702905745505,
    1.8803948659389957
  ]
}