{
  "mean_": [
    24.21387908496732,
    0.578522268907563,
    94.52847805788983,
    472.7388795518207,
    579.4249673202614,
    1415.4519187675069,
    1196.9928338001866,
    7.984939309056955,
    11.525284780578898,
    281.69166666666666,
    2232.475760971055,
    8519.218767507004,
    1.0941970121381883,
    42.756185807656394,
    265.15988795518206,
    2338.7934313725486,
    8062.726960784313,
    9.2720593837535,
    0.023011204481792717,
    346.9276377217554,
    2232.518916394208,
    97.93764128911722,
    20.78683325548809,
    12.472994535263897
  ],
  "scale_": [
    14.670999623939457,
    0.3068289316382614,
    13.744938170883634,
    26.19954291187693,
    36.716375567352145,
    103.61916781629762,
    116.34028232738763,
    3.5798535081910066,
    5.369805238453131,
    144.31434554421566,
    140.692084253426,
    328.3179411159428,
    0.12557611189644258,
    3.1304504839584455,
    136.04067899405646,
    123.62705381265657,
    81.16776016413714,
    0.7223320719317191,
    0.004587449442419896,
    27.92513487389029,
    140.86167814514835,
    5.179422971784523,
    9.797347755407516,
    5.8764103793619284
  ],
  "var_": [
    215.23822996563166,
    0.09414399329027688,
    188.92332532141396,
    686.4160487912807,
    1348.0922348028537,
    10736.931938942047,
    13535.061292016262,
    12.815351140107458,
    28.834808298918695,
    20826.630329855274,
    19794.26257157312,
    107792.67045861168,
    0.015769359879027868,
    9.799720232515664,
    18507.066341163914,
    15283.648434397484,
    6588.205290062887,
    0.5217636221411702,
    2.1044692386758615e-05,
    779.8131577249636,
    19842.012369867367,
    26.82642232064922,
    95.9880230403887,
    34.53219894667261
  ],
  "n_features_in_": 24
}