{
  "mean_": [
    -1.1178985949908375e-05,
    4.237935247403786e-06,
    100.0,
    518.67,
    642.4750878130727,
    1588.099204337202,
    1404.735361942578,
    14.620000000000001,
    21.609700671960905,
    553.757522907758,
    2388.070964416616,
    9058.407363317043,
    1.3000000000000003,
    47.41620418448381,
    521.7477237324374,
    2388.0710247403786,
    8138.9478168906535,
    8.425843967623702,
    0.03000000000000001,
    392.5716249236408,
    2388.0,
    100.0,
    38.892501527183875,
    23.335742692425168
  ],
  "scale_": [
    0.0022026009815738308,
    0.00029401934091301393,
    1.0,
    1.0,
    0.400884035606554,
    5.003082903489313,
    6.688053931091295,
    1.0,
    0.001704019693539049,
    0.6812600978682368,
    0.05743959099863069,
    11.435823881196024,
    1.0,
    0.19590976512899858,
    0.5596053869476156,
    0.05693213655110635,
    10.188215975736007,
    0.029008219959997146,
    1.0,
    1.2335297272825931,
    1.0,
    1.0,
    0.1416753458875796,
    0.08411706841592928
  ],
  "var_": [
    4.851451084030004e-06,
    8.644737283092311e-08,
    0.0,
    0.0,
    0.16070801000419688,
    25.030838539187055,
    44.73006538518572,
    0.0,
    2.9036831159689147e-06,
    0.4641153209474396,
    0.003299306614089976,
    130.77806784173328,
    0.0,
    0.03838063607289939,
    0.3131581891007906,
    0.003241268172273819,
    103.79974476824239,
    0.0008414768252475768,
    0.0,
    1.5215955880898688,
    0.0,
    0.0,
    0.020071903632365322,
    0.007075681198890127
  ],
  "n_features_in_": 24
}