{
  "mean": [
    23.70410915950679,
    0.5646912455403051,
    93.90029325513197,
    579.8559805797772,
    1419.2911201458396,
    1205.1617256145896,
    284.8428553201167,
    2228.282356750936,
    8520.451201721042,
    42.94791684885188,
    268.1802151556411,
    2333.1492707418056,
    8060.6732906574725,
    9.320607731919416,
    348.2205378973105,
    20.95969190667486,
    12.575948179846579,
    579.6231113407736,
    1418.332550376974,
    1204.033490043931,
    284.1761749580808,
    42.909391934571026,
    267.5510062761204,
    9.326583305295495,
    20.922212025520274,
    12.552260411216833
  ],
  "scale": [
    14.778597438903317,
    0.3122999743113669,
    14.379911245252275,
    37.476153441126925,
    106.88147782917255,
    120.27073640895965,
    146.81794965594972,
    146.76359954077472,
    338.2955911907394,
    3.2706015773486232,
    138.42801625309158,
    129.38377251693703,
    84.61093861348239,
    0.758267303709008,
    27.972458839015165,
    9.921245025636615,
    5.954072084389638,
    12.481760504966159,
    36.4572460510888,
    40.80438146780655,
    47.669229600845874,
    1.1692557683873137,
    44.963236825984374,
    0.26930550219149096,
    3.2120526776818017,
    1.9285387851823779
  ]
}