{
  "mean": [
    642.3388957991822,
    1586.1559593741074,
    1401.9775676974248,
    554.1198475032205,
    2388.0281146616767,
    9054.06755313452,
    47.33137854019014,
    522.0755592224168,
    2388.028205958742,
    8136.047678451364,
    392.05369383092153,
    38.95405558857043,
    23.37362620345709,
    642.3298909985556,
    1586.0354965221582,
    1401.8037864295745,
    554.0961167509104,
    47.325133876408316,
    522.0536790021213,
    38.95638479391128
  ],
  "scale": [
    0.4096466858017311,
    5.594910814760082,
    7.026013297090567,
    1.9497090923217142,
    0.1547009808570375,
    10.496457644104446,
    0.21083590171201722,
    1.8429656936072247,
    0.15368078480912628,
    8.808847537428734,
    1.4090109814563034,
    0.16812309999278177,
    0.10211906541335689,
    0.28987895770151434,
    4.0503530018225185,
    5.809026253429905,
    1.8454212000295789,
    0.18330135693591548,
    1.7572077341288366,
    0.13348562289235572
  ]
}