{
  "mean_": [
    -2.5476009139375483e-05,
    -7.083015993907084e-06,
    100.0,
    518.67,
    642.3388956587967,
    1586.155959634425,
    1401.9775666412795,
    14.620000000000001,
    21.598263518659557,
    554.1198476770754,
    2388.0280959634424,
    9054.067547600913,
    1.3002894135567404,
    47.33137852246764,
    522.0755597867479,
    2388.028187357197,
    8136.047677075401,
    8.406802170601674,
    0.03,
    392.05369383092153,
    2388.0,
    100.0,
    38.95405559786748,
    23.37362619954303
  ],
  "scale_": [
    0.002214067883709587,
    0.0002910758570727652,
    1.0,
    1.0,
    0.4096467174703566,
    5.5949105923214315,
    7.026013012661522,
    1.0,
    0.015033367875849694,
    1.949709133214411,
    0.1546931215331295,
    10.4964614863489,
    0.001807579634311665,
    0.21083593978904022,
    1.8429655713412216,
    0.15367393575419794,
    8.808847738964266,
    0.03919375463964012,
    1.0,
    1.4090109814563034,
    1.0,
    1.0,
    0.1681231323083731,
    0.10211908478875391
  ],
  "var_": [
    4.902096593674249e-06,
    8.472515457064483e-08,
    0.0,
    0.0,
    0.16781043313423816,
    31.303024536070552,
    49.364858854089036,
    0.0,
    0.00022600214969062954,
    3.8013657041396898,
    0.023929961849663575,
    110.17570373440577,
    3.2673441343782924e-06,
    0.04445179350672779,
    3.3965220971490755,
    0.023615678530185355,
    77.59579848825587,
    0.0015361504027523116,
    0.0,
    1.9853119458644555,
    0.0,
    0.0,
    0.02826538761717873,
    0.01042830747809271
  ],
  "n_features_in_": 24
}