{
  "mean": [
    642.4750877105396,
    1588.0992038472805,
    1404.7353620488395,
    553.7575227740922,
    9058.407366454929,
    47.41620418686072,
    521.7477238211751,
    8138.947818930876,
    392.5716249236408,
    38.892501534524314,
    642.4613955293258,
    1587.9441418889535,
    1404.456765204577,
    553.7838335264436,
    47.4078824920631,
    521.7714346744116,
    38.89812744108001
  ],
  "scale": [
    0.40088377856208557,
    5.003082997813231,
    6.688053856573916,
    0.6812599831102764,
    11.435824676071416,
    0.19590977862631054,
    0.5596054411348572,
    10.188215193714269,
    1.2335297272825931,
    0.14167534810611626,
    0.27418234063692,
    3.124788895761024,
    5.316509671419338,
    0.5468043968098506,
    0.16523889802781408,
    0.46457961844615747,
    0.10173649019473474
  ]
}