{
  "mean_": [
    23.704109139784947,
    0.5646912512218963,
    93.90029325513197,
    473.2147628361858,
    579.8559804400978,
    1419.291119804401,
    1205.1617261613692,
    8.09365281173594,
    11.687506112469437,
    284.8428557457213,
    2228.282356968215,
    8520.451217603912,
    1.0972078239608802,
    42.947916870415646,
    268.1802151589242,
    2333.1492665036676,
    8060.673290953545,
    9.320607726161368,
    0.023339853300733498,
    348.2205378973105,
    2228.274327628362,
    97.70081173594134,
    20.95969193154034,
    12.575948166259169
  ],
  "scale_": [
    14.77859741738046,
    0.312299979305149,
    14.379911245252275,
    26.423810267471502,
    37.47615329381244,
    106.88147791337153,
    120.27073513323931,
    3.6224179751983026,
    5.450736173387015,
    146.81795047997556,
    146.76360015542554,
    338.29559643840724,
    0.12911388175565408,
    3.270601548182995,
    138.42801634494285,
    129.38377172720251,
    84.61094414160574,
    0.7582673104207882,
    0.004716345294495996,
    27.972458839015165,
    146.8553120951455,
    5.418717603435254,
    9.92124505914836,
    5.954072075409522
  ],
  "var_": [
    218.40694162500444,
    0.09753127707399652,
    206.78184742133286,
    698.2177490513324,
    1404.4620657013288,
    11423.650320946526,
    14465.049729489805,
    13.12191198703977,
    29.710524831869723,
    21555.510583140556,
    21539.554330581625,
    114443.91056961768,
    0.016670394462013027,
    10.696834486977004,
    19162.315709195762,
    16740.16038635685,
    7159.011868533928,
    0.574969314052776,
    2.224391293691453e-05,
    782.4584535003976,
    21566.48269056259,
    29.362500465779103,
    98.43110352367573,
    35.450974279171454
  ],
  "n_features_in_": 24
}